{"version":2,"hash":{"type":"Buffer","data":"Wbu2wlr+DM0in/8eyNWkGDhKFX1KxfolBqd8JF0jA8lYBYmFDmWGMNriZQKNtSYof8BFyE1hsZFnXMzBIJehP1KnFCLSA/uPNc8S8LZqw7pWhTHuEA+2HeYKL6jY/fGNdj7V/lAzOwfngc21rr3Kr2ceo+GS5i7LJLuHru+R3/M="},"indexValueMap":{"M7ZJVK8Ci/1YRnC7IqU+uHusBSN4lYy6OPlv4Cvo5AA=":{"valueMac":{"type":"Buffer","data":"k64Y4Hb0dsxJhsyEPSBZr17YEyoFjedFoVln9eWEWQ0="}},"+gTo29Vd9AblglVVrQ0citXjkcfVxVvB9tQkvPkiv3E=":{"valueMac":{"type":"Buffer","data":"jHFYGLRq4iaVhct5bEv8M7kjjsDPErtRsZjg0fXzdTs="}},"kq2msCK6+tNBbYvTbbZOx1DA4vqNARP43UM/jLDFtgM=":{"valueMac":{"type":"Buffer","data":"bAVVoRjSyrF19O3ktmb0mz0a1zsI0jRfqCV0/oggaUQ="}},"+of938vAl32ZkQbmbkN76+zveb8zjboI9Zux3b1fcN4=":{"valueMac":{"type":"Buffer","data":"7qGnNxmpr7LQOizsibVNbnFvJEiIjaq0GRvf7jsm7Fs="}}}}