{"version":2,"hash":{"type":"Buffer","data":"295N1b5Mt6lDxTJfcS6Z7GRyEmm/dO6B22WZckXXKWiwXkA7Bd/QcHHaKIu4Ent/aG+z6toddHiP12N6GBMZ3W7ETjL0U7vs0j6uhJB98HNm/8anFiH7hU5Y+D9Ta2N8gZktYecJWS6AGO46Cy3qu7PggBsthivpcxifmsa9IjM="},"indexValueMap":{"HwvvOY1Z//tdunLGuHK7Ov9FdL9HRaJUA1Ntc2ZfM/o=":{"valueMac":{"type":"Buffer","data":"HGnu1/KfOWzZ4WFJZGfwg4J9QnrECWwSUyhb6hmkaWo="}},"+JU+z+y+HSbo22sg4ig53h5X5LvCCvMF7rJqvvlCKxU=":{"valueMac":{"type":"Buffer","data":"NrIIBAeR01WuJr7tomNsAzFXzfHWOUV0XLr8towZFvI="}},"BcfyRztNP4yZqgRpi3QRazrAOJvWyEFJBasjEgcwKEo=":{"valueMac":{"type":"Buffer","data":"huk33lehUoiwA0WkOyMqTS05g2YWWszM9MRLqBecoKA="}},"Dr7KsyuP4Fjv/gH2MyuXSS0twcywpQcDcBVHejaQgNo=":{"valueMac":{"type":"Buffer","data":"AQ9LEzuOYNOAMqs5WyUapWYpowjz8STkIuCzq4PNT5U="}},"XS/jI6/SdZYcjpoAG+zCfknwPJBnBbm0xD3Kubjcn+E=":{"valueMac":{"type":"Buffer","data":"9vd6TUsxM8VGPI1CySXrVygmuBoKKYW3AAdz96Z8T3s="}},"g19OHgYo5JDfjlwwFvIGb3zcnCtnujCO3bTCIIiMG8w=":{"valueMac":{"type":"Buffer","data":"th5j4KSHMmejV2qOZfYBAImYu+hf6f9nZoE1uIgP8X4="}},"2P2Q0N/JE9MVxotoWAU9F2hMUE6Vdebk3RvcO9uG1AU=":{"valueMac":{"type":"Buffer","data":"mMhuzTiLaXEwzcSKpoxFmRGLMwspFotQkjxJs9CZWpk="}},"XVDu0iSevSzfS6/3vQMGIbdjaldwJnhC0JuRBxMjkgw=":{"valueMac":{"type":"Buffer","data":"2L0Z0sS1wT2NEm4AP45VjoFfZgsK2352hNo0JVQ+nRA="}},"JEC9PTmlFD5TMFyt5vSUBV7AAp5xr65ywG54eW1UdG4=":{"valueMac":{"type":"Buffer","data":"lYdE5SF8C5iP0pPF8PScELtiIDACDMvL9N+Gf/6U7Lg="}},"ST8cW77TA7Hyrr371rwm/rXQVSq11GhGi7so8YZ/lUo=":{"valueMac":{"type":"Buffer","data":"oqxkVIIO8GfBWTkjxPGN6a2JzkU4sfz0iLJ3vPMS5Bw="}},"+spKfDzwKPQQeJ9yN4geoZu0XCOVOnx1nPN/Zs4RPnQ=":{"valueMac":{"type":"Buffer","data":"kiqyqRSIiKmYvVKOVQphsA8ETC3Y8k7ceT5Pav4sNpw="}},"IMZ6BqQIreXqO+lrZfqSaEM10kfeOupKsN/ozqIoedg=":{"valueMac":{"type":"Buffer","data":"8Qnxw6cxTANBEV2CP6IfCz9ADkgREJTsrrlrKD0iJ18="}},"s4q6El55K41qxNHMPbFh9WK4tk7bPIh4UPXcoqizlXA=":{"valueMac":{"type":"Buffer","data":"Tdb9WHGbVWIHMRH/JPltGaL39O1qtcbfl5t7AvWtcXs="}},"2po1u9ASshSOxfFmKeMsLwUYUL0aK9q83HOSwG2aoo4=":{"valueMac":{"type":"Buffer","data":"0N+30vVQWEiyv08W0kewZKNWp7YQGB8K16iLwqh0XYo="}}}}