{"version":2,"hash":{"type":"Buffer","data":"RKf7Ykopz64wA1DNb0E+3xQ89BQwaJj7Ihk/vGKqwO2/ZRhY11Kftmb/U8o0wRlqIQKkafmIFWA36mGGVxV4/gTAbwi49RMIgVUQ56nH+WluESbgnGei4jxzOtlfiAhZjf+TtjPlEzdmVjQHVkp4CRiY8EOIHjXt+M1p8+cvbY0="},"indexValueMap":{"WwMO/GxKpUoEw+3UvSl13ubbAVfjJ1rEJ8JOkSQ53eI=":{"valueMac":{"type":"Buffer","data":"5gV6yb7IFW/pZM+iEmNG80Z72qHFApE/pMeZuzgu/Xo="}},"DJgitvx3HVNRM+SfmdDX+SbOhlzdwZ7ZYJKhsbvuF6A=":{"valueMac":{"type":"Buffer","data":"i7uqqX8EzQZ5E9J3rclz/xtoaHKHoKEPP2EQeh27JYU="}}}}