{"version":6,"hash":{"type":"Buffer","data":"Qv0OFYtKcgPO4Avs3zWkCecVvC5AZN4tpnRw2iii0T9LNsGQgIdpWqADZWkYwVCvIjTlcq6xTGM8Vb9XIOyMTd9S0AIk3SWCn5Yl0AkuqS9mswGsCFLo0gjuY9Mi5cpG+C3Gnbh1nZ7FQspfg9dv/0v/FXpsQM2FMoMx+4CCNcs="},"indexValueMap":{"Gft9RMYemod/BRNNjchtshTUJ+ms+GxJtEjQxG3JmIs=":{"valueMac":{"type":"Buffer","data":"ybgQtDdUo82Yp7DYMi23xcuTG5LWdXX0lmTerHYSdyw="}},"FX64Ys7tWc34m2vaYTo+x2kis6Hxcv9kKE//8bpoI58=":{"valueMac":{"type":"Buffer","data":"Z8znv2C+8gbNltykL9UJOfwDtaR5dklEKL+/5ebTgqk="}},"ApLfDU9iGJS/YATVq0fCm3huQWGURa68p0PsVS2zkF8=":{"valueMac":{"type":"Buffer","data":"0ZdaiarEW98DupsLSBaxvmEjXKnX3tlKT7A9TEGQ+Ns="}},"vn9lKwIfgQajkikrU8lZh6NEpQ+tbqEFR4QiewW4f70=":{"valueMac":{"type":"Buffer","data":"TM2diuvvysozoYJi0jK0fmO4Ge9z5RI9HM8hnL0kC2k="}},"er8Ha2XrfkSEugYEaUzmIeaPn80XA+peqrNK3p4aGXo=":{"valueMac":{"type":"Buffer","data":"k9AdpB2Jb/b1fmhIaBNCFRLjp+PLlyx1B5Dc4324cgo="}},"5cFYRDabnoCoIjYFQ70lV98nI+uD4pbI67wIHQdW//U=":{"valueMac":{"type":"Buffer","data":"DCvz7mw6vBu6wa3zy/oaUINnPHw5m+NqX5xdfU2/FiE="}},"f4sDbHrALN47cPejE8Iis8Iwh8sNeRpu4mB5VNGWDMc=":{"valueMac":{"type":"Buffer","data":"HDiVKoaIbM2Q6ZCrLB1m21KQLzQSF8/EMgpv1qaMGrc="}},"R7Tpw+AyI4ZhWRWDjyLX7vD3dvhUUFFbC96zt83bocg=":{"valueMac":{"type":"Buffer","data":"P1fecSNbHfmXxk9PhHyMJ26y8QKHu0MWdkcuDYa3ccY="}},"DpdwCH5RK4BHiAzmub6zKRQ43CGOQaNGM7S4nEnXVB8=":{"valueMac":{"type":"Buffer","data":"YtbQHBRf5Njz0w/iDQwITIXH64UXF6oQtm7erBobwxU="}},"ekr01GAAcHKB0WdUi29SJeQgnXS+SjYOt4xyFrqo/hw=":{"valueMac":{"type":"Buffer","data":"YJfuOhp0qlsTgphVdRK8lXICCsGKRR7p61PnfGXG0lo="}},"Yh4N/DiIZ1U/XFK3Wj6iuBxYxsnKZGMPsD0iabfD0i8=":{"valueMac":{"type":"Buffer","data":"ln95SPMv/ZW27yLp29mFGIIUEd0vmUB0vYAJp/8264I="}},"nriMQiIApggN7shTrLasT3xptsiq2tJV7qf4EKIYwIw=":{"valueMac":{"type":"Buffer","data":"MQGUhctlWJJxiJX+9pM3OmMj9DT0yfWfp9/Sc4zuG1Y="}},"tFU++5sPmCMnTn+lG8VBfuptyfMxI+6mJPCdXopEQbY=":{"valueMac":{"type":"Buffer","data":"8aL7bjlPNUKCNppBwQpJuJJTC9YUGQg/bkvEaCQDaNY="}},"7f0ocd8IqkVy81QmwmmtoTBn3halyCQbOBPnWxUsj2E=":{"valueMac":{"type":"Buffer","data":"3rH2hgmZ5nd4HYrwQBv5qWGtZQc1MaqIPEYanBzXokI="}},"MAdOG46VKVfNH3OoRkNWl4PVdzqMwm2PUPxj2x6J4Iw=":{"valueMac":{"type":"Buffer","data":"ED44hTbsdoGpva+P+iiAXMZLMazVnkCI81+HHIKdGds="}},"U0X+mSng510SP/xXCObeA8Sp7O1CdFZTr+XaII7BVY0=":{"valueMac":{"type":"Buffer","data":"2C4Wirc+h4S2MPBqui5c0Kk4ILPHNnKsk2USkT0i2VU="}},"yRhnnCHWEtvvc287KmOgia+4xUs7mIhT2VzYATRyq5Q=":{"valueMac":{"type":"Buffer","data":"O0XLkgv+iInnw465Zu3TnFvPzLCgkLtBnaTqT6epPWE="}},"BaU97uBhbXnTE3WuRyv+37eLDrihpBBtDPt5/Ceyutk=":{"valueMac":{"type":"Buffer","data":"vHOpVFgrW9cFUOUz6NpXNxufsXxlpGhntGNYc4Trtzg="}},"k9SOOLs5qRn4D4jHz2pgCEf2cTNfwJVwVDDuQTXAlBM=":{"valueMac":{"type":"Buffer","data":"FSDThK1bdZAts9Yzkt9ot/lvo2itaYYNZhpZNSalXzQ="}},"1DNrJglRZcB1xNBayhptaxR2qFtV8+VW4usbWVV5/+4=":{"valueMac":{"type":"Buffer","data":"Y3zHQ4i37Zvvc4P2Y8OziBhdEPlFx2h3mhdUI0bpZSA="}},"3SAF0M9g0Z6hlpW9ooe8Emm7bXL8eDlEUraXzF5kawo=":{"valueMac":{"type":"Buffer","data":"yiTDKcvjDaCm7zf3naGV53rUwQKVWX+9EmYuZAlwbdw="}},"jcMjFR1udntOfuRS2D0AYf+bKVjWYHB652lDtPH+EC4=":{"valueMac":{"type":"Buffer","data":"GkqnhbiQlnyrSbZKydpnc27K0EMS4rRns6001Jo2L1c="}},"o6poNwOTWG7Gy+rncCilWGopTZ7NCQXCuouj5bOTkPw=":{"valueMac":{"type":"Buffer","data":"Q7tzgbMg5s4QGBHx6syEKyF2d3BAGDIaGUwdRUHXhJw="}},"ho+6ZmmQw40zlqb4LKmjCtaND868qoqGBj30zBGa6w8=":{"valueMac":{"type":"Buffer","data":"WzyCgOxib7f2SdXoYvSqn+Olol8UZhwq2o4JDGbUl8s="}},"Z3BOYK2mOHtX9ptd072JWpZNWJf61+B9ewZDwGbgwFc=":{"valueMac":{"type":"Buffer","data":"mDLHu4luBcoSujQ9WoPS6FhoWC3aHnfkG6GRpVPtbdI="}},"j6+q2lG8RQnJASAZFxdI7oPpGUP2IUbrVpWSwh2W1zI=":{"valueMac":{"type":"Buffer","data":"VmI4EPBJksoE3lL/uDaBkrH24e42QEGI8gVKr7IQbnE="}},"6YPbsCOTKc6CnTfggzdnQcj/HUYDRcLPzEQKTvJnKnI=":{"valueMac":{"type":"Buffer","data":"WYtee8qFgXm6KzvKpBjqbxXmUdZbzABx3NDBSVSR8Ik="}},"W7XtBUZfNJw3EKj6TziAtAfJd8cZsysy/4VYBlT8TAg=":{"valueMac":{"type":"Buffer","data":"bvum0noWnk5jkZc2MIPfHBV/M4p/xBdUzUw6K9DfJ2o="}},"dZt5i2mtIPEZAKVVHDnPgZLdOf3SBaV0zkOUWuM4AVQ=":{"valueMac":{"type":"Buffer","data":"Jeddbgsp3s66aCSN4jt96KjYBVmBdY8Bm5L3bng1Rz0="}},"5JBCrizXe/vh9rQYToLWHqznbdu9BxFJ2H9RSGWZNTs=":{"valueMac":{"type":"Buffer","data":"/dN/J+yvj45cET3Ij55Ge9HAiXDHxQ2SRkXv4tHvyFI="}},"RfbCX89ZPBNLRsb/q3oIve5tnSiegi7q3bHWu1Xs+CY=":{"valueMac":{"type":"Buffer","data":"v0VX9gQvxXDP8YYykeshpeRy/HB/GhoZ6nV7fTrVGPY="}},"n9Fn7rv5ntPTMnUB/u4Yuixv0eH2AFZQUedoLfj5Z5E=":{"valueMac":{"type":"Buffer","data":"MpI+kubswHWW9l19W/I0rZkFC+YHwpFFFQc54uFkCDg="}},"rjI8xVLlw/twZ8kB6y8XlkBDdzTfX09LLT10kv0Hdhw=":{"valueMac":{"type":"Buffer","data":"LDE+uSadUOQwEfWoLGzrO+i+UO8J25fsyrDLmue1bnk="}},"P2W6yud97Uwr8FloerXTNsiqnorUhRVrJSQX5l4o9zs=":{"valueMac":{"type":"Buffer","data":"qBt1efv1VEqH2gT1xxaHGFBGLMkuoRm0ri1+AumpQb0="}},"sTXbhGmmFZkmXR0i5iihLk/4Scrb6qBHzQusJwioupY=":{"valueMac":{"type":"Buffer","data":"EN6uAie52Rax9NIiN0HnchSdSPaudNI5TTAe4HyFxS4="}},"EU3QkarMOsuf4Jh+qI7uhKkJTAistPSZNu3YPcjheZo=":{"valueMac":{"type":"Buffer","data":"3dNJti7SbI0yvjVTdy/yalSoiE326sx3zrgf6CTBBv8="}},"FxdyblFRJMZmdZaFOkc9vEmy3bCHlL9yyEOsE9b4OGk=":{"valueMac":{"type":"Buffer","data":"HuBAfjqYTlCwNIFTwg3I2WmmMr5uPo7t059WihcLx7A="}},"ljFBbUBv3w+YyLhwPiuitoFR+towdtSgxoeFqfG0tz8=":{"valueMac":{"type":"Buffer","data":"ffRKs+WwRN4SQe5O5yS8dkicPt5VhicmPV0vykrpEIc="}},"Qun37WTP5HvLYLWWHK/K4KhJw+QM1LAug06QhpPchoU=":{"valueMac":{"type":"Buffer","data":"qIFOhnJaIVcl98QbIBrrWdSBvah1yOFAx6SFX7rfxdw="}},"ze5sfgGu7Q09JbF5vK6xJEKUtujubaQGmT/JfTmIxaU=":{"valueMac":{"type":"Buffer","data":"NcHLG14+XDlPvG5YZ4KjgfKgv+JEQElwUAk1XLNtqxA="}},"Hd9jkRCbUF/Nyczp5e+RbfBwWwFspayN6xfHX4ly8uI=":{"valueMac":{"type":"Buffer","data":"fDeoEgysFv2KFv3Kn2JbUdx6Xcr0TD49f0ijUQhCEto="}},"ESsfAZ93YH/U/nfs94GetF3luPO/Hrv+gOUTLO9GP6o=":{"valueMac":{"type":"Buffer","data":"W7HbW/lbJmHzQLeTXcEoWv3L5oub0sRmowOk+TeePlM="}},"aM4Lby+U3mVlaezbDKyPICrYjjjSJjayz68IP704eU4=":{"valueMac":{"type":"Buffer","data":"r/LjH0dPcSjAB4q8h/hBnSAP+/+lNupd7vmPVOd5w24="}},"pXUfWCdOZQy/sUGssATs5Pa+B5nNCRBe1Rynegywvac=":{"valueMac":{"type":"Buffer","data":"hS0ADGqpHeZGCa0BJPJXUVEQvsxOSk9akbVKEUznZUc="}},"VrIVS/yrU13x9TQ/wvOOXq0Gp1oYP3r8g7P5eBE7vgw=":{"valueMac":{"type":"Buffer","data":"EZr6Fd2AT4oJvUFuu+2zc6qqUw9k7jE1levmVUeR5CA="}},"9YW0zqWXUD1Kd9s16xiFiO95JxlHnVthXaJfrbd6FgY=":{"valueMac":{"type":"Buffer","data":"mM37chiPtVTEVljcnHyaK0LKOFeoHEsOw1nPg93NSFk="}},"Mxwk8vEZTVR86pwiantdq4IVPeB1cKst3GTfHGqrFWU=":{"valueMac":{"type":"Buffer","data":"I/7F8NLuF1jLf8igZmOSCOclj+bMbs9/kRzJhHk1I/8="}},"vlwhXgZVwAH4H79e+aJua+iSQEYnk86Ao47+BhWBKag=":{"valueMac":{"type":"Buffer","data":"mtemL4iYkKSDx8ag8Oxm9Lv5+uFHEHPdsCbOGv3XHeg="}},"VHv3liUeLIMH7WUdQ9Siknmz7cky8kEEsYx3UNgGLRU=":{"valueMac":{"type":"Buffer","data":"DphhsFNCWdpk7UMFsqKP/HG11WUKdlH4uLRlDYXaHqI="}},"8T4FRTo+//VNBpRcQT699veRp0OejWvzTIvfobf8LPE=":{"valueMac":{"type":"Buffer","data":"DJCo5j1RUTwTupkijlVrHb5h8GEqt2FmE7FFReGjbws="}},"1VS4ShUsT83+6EGVb91wjcLtjWTZD2/3RJQ27l1/r5g=":{"valueMac":{"type":"Buffer","data":"nEgUQGdLWR+fUtrpPl+MH5wtRZXTzgNq27/uzkhOXj0="}},"ZKbbi5hSBOaLeOdFpqM8aEUM9Y0ksN4WSXCFNxRDqBg=":{"valueMac":{"type":"Buffer","data":"/0QEgI/gLXKlQhxn9x9mMP1S4qOM7BssoKe1vhb7OdY="}},"2wVQuJKwImkIjNLiQk1Gt3tdFGJwbv0G8ClNsv7/AcY=":{"valueMac":{"type":"Buffer","data":"IKb9pZkwyVfrhTMfqv7ZQQ0v/dsE3TtHFQKo8JcBwUI="}},"TXZUONhYXPmqjQBX/wjNAv8RaI2IL7lny5DKb2QBCtA=":{"valueMac":{"type":"Buffer","data":"J7Miyg9keqPTmOghSKJ+oKchdqrHFQuq+E2W0C3vnEk="}},"nNi0B89myqeg/rQQ+gyualVuKvclMMcvlZrVZuRUiRo=":{"valueMac":{"type":"Buffer","data":"Z1hEswtNh4mXefyRj020m73RcjKsoEIGv2JNtjBxX0o="}},"SzW4TG24CqYHNRpcSqSTK055B0xrPH49yJ42hunUJDk=":{"valueMac":{"type":"Buffer","data":"lYOKLxSe6OMepJn8KTZZZKcX64gNTGj890EbrOva+Wc="}},"3UrGCKz9fUw8I7ajgO1KOqYRDD+0p6aDHVQVdCmiUb8=":{"valueMac":{"type":"Buffer","data":"7sv5Kmm08PD4NocIYdZwOHunO+Js7oDCZn2hOoePtFA="}},"sU4k6Pmg76lVT3umbUMLDYEsHNCbIgZpWEIRKWTBPEk=":{"valueMac":{"type":"Buffer","data":"HsX4dAVZ2nofKC8s1+Wb4LKeHrFgtoyF4EnuD4Jn34Q="}},"PGjJxn9lFa0LZdXD60XQ2iUUORyvpqh6da1YJjtF22M=":{"valueMac":{"type":"Buffer","data":"pIlrXbnXRqM1aCMklFKxkEl+l90nfafz6q52nzGBfGY="}},"BMXsqYtenBNL5Rl22vavJ2W58LedtmKq2QwE/pRLKBM=":{"valueMac":{"type":"Buffer","data":"EvrpLgGEfai8vkqm5a7kel7mbzJkB35UKnIy4HJ0bTo="}},"9cM6QN1MkM8VLk7LjPK4DYOcCVb/fblTCdB8+HWMDfU=":{"valueMac":{"type":"Buffer","data":"ayxq4obkYGe5pfgONj9gs25XajIwlSHQmgS/VjuhG9M="}},"V4c9rJQ8m3xox2bElM0NFiYjGVSMbG1TeZ1EfZP8pEQ=":{"valueMac":{"type":"Buffer","data":"e4Y2mplv/SdwOwbscYV1OtMZjpgX9v0/raM7kM0qe38="}},"i7hc+UtqTnNYHGIq6+Wp2p9t5p7E6bzIvGF6Bc+xQwE=":{"valueMac":{"type":"Buffer","data":"Iy/B4JpJuUg6o6SZzQv13sBw6XYr7dOnVSkZ+fKndHE="}},"5D8BJ7DE+RZHRa7fkcDyFPGOiY2UWWfHgdSbg3Z2h8o=":{"valueMac":{"type":"Buffer","data":"8Zh3j2UDCGVJai4Q++geWaXlWmmH7pgT773PUoegyec="}},"1zeXxZT0djqKHzHKqrLGihFdMB89BPKvQtdS7WbMTps=":{"valueMac":{"type":"Buffer","data":"onsO0uZXTberFd6q1akucsnMM1+kMVvMA49Uvcn63es="}},"TwiwxjH8ylydSYrwE+q3E6p9rZ/cGkS1ABrw0zQyOKY=":{"valueMac":{"type":"Buffer","data":"6JUg4dGGB2dU+MHhIsbU8zG5gR1GVyfd4fA+fO5a23s="}},"x55xHCxa15K/tFwvpMY9UIpz6LCn8kTCeRhgytLnjD0=":{"valueMac":{"type":"Buffer","data":"+EOZvZtRTfmPvqKP8crOFGM0fivOEXPnYoVROTuwKvg="}},"fiPIlM5xShEMbzYj4gmCz8jCOXpiUKC4aildLgB3iHs=":{"valueMac":{"type":"Buffer","data":"zE0eu7WSC6/0rJIV1a/kamagEgbKSIT1zNtMqDhDyDM="}},"+i5Ygg2zEKyTUWG6R4uMOue1MuRUQpM3xw6f38vXO78=":{"valueMac":{"type":"Buffer","data":"x65o4FvLPtbhGedIqUZvrZsdwkk89FJHwfVOLGK20XE="}},"tihfRYecd19zPKmZzyN1Jz6tSQfHwfgL9E0FSWQ0r/Q=":{"valueMac":{"type":"Buffer","data":"LfaGRGQIBSgzF60gxtlfptgXAC0/9a+EhJf+iNLn5jA="}},"r379vqISHgJh46Iqj03srkVzDGcwGYhnBi3DEn/Dvtg=":{"valueMac":{"type":"Buffer","data":"lyzsQM1MxWFuCAP9IcX6bVE3a7QUIpqqxRQ0JudesjQ="}},"Kt1G5Q9Zmo99XDdSmWhxdDPncR09ywDDujpR1ao9wBA=":{"valueMac":{"type":"Buffer","data":"6bBemyW84GeAg4LjiPRhdKxRGQzxOGCqKkO4dbpj5O4="}},"yisjwj4yaUMaJadNJk1FJJiSFjX/k5w5b163Fa0OPeM=":{"valueMac":{"type":"Buffer","data":"SsA1/9eqvcG8ALCpNtNIAzHs/RuPCDHqEY/mB4JMe38="}},"B1nBK2Lb426zHh52xwbEWD+VUWm4MEYK+G9h0ax3QWo=":{"valueMac":{"type":"Buffer","data":"l1cGGWF+WLxW2qzn9r+KTrWlTrlZYA1m6deNjbVd9sI="}},"74g2QO97BqQCSJ+tLzb8+tBA903pUWWf7XEQEliVMJk=":{"valueMac":{"type":"Buffer","data":"moSGw8XKwEPiddNqT2Kml1admsarb7tCJWzDpfl3FsY="}},"jrEBeNHdRtdJG4c/H1/28rG1nfPs0xQGQlcsTq478jw=":{"valueMac":{"type":"Buffer","data":"OzH3Ba4ta8zghqMrvymdAyKxcbQln+BS8Uv90Hcyexs="}},"LObTyOSslp3eanLj8Qx4kvOp8vAfhD+sYXzzJHdNfxg=":{"valueMac":{"type":"Buffer","data":"2PXHC20P0GX/rg70FdJ6PLOAqn/3vcfucDQSDPj7AgY="}},"jjbsp4n9r7Cvl2xs84iaxbClfgQQ8THskSRa3s+1vgc=":{"valueMac":{"type":"Buffer","data":"GeKkjaKbEa0nTOSPKH2B+0NuivQMx/xdC+XQy0dvJH0="}},"+IObKoVvlN9dguHuxI0bU69Ypm7iPks49oY2CqGvDF8=":{"valueMac":{"type":"Buffer","data":"FBKYMrqSqBBlAu1FaN6tTfyHqq8RONf54ihgsLoF7xA="}},"VEbEtIXGFyfmZ1HCZfymBirS44oOWpQn6v7du3a5bb4=":{"valueMac":{"type":"Buffer","data":"nSSAHeggCLA36IwMR8TMwoP3vW6CyWw6Nf5wGG6e/iQ="}},"Cj9WHS6vJZvyzWmqm5hOd2zieMGBXOjxpI3lT0+WSb8=":{"valueMac":{"type":"Buffer","data":"QswTNJ/4UZRlHQiL/A32byZSVbXjq41RpIRZXuCUmwA="}},"RvsRFwQ69HpndNWGemLcvaEDhkjMxKE0v/iYrEWFTI8=":{"valueMac":{"type":"Buffer","data":"lqaiUVW3e1PJkJE+0X/vCN9jSqJzQhTrQl2LHk28lD0="}},"iYiNDrKMcLy/N0sRahh8seWmmyBVVNJgWrCcX8W1shc=":{"valueMac":{"type":"Buffer","data":"0xCNYePFzBUBIz2l847u3WN15FJhZRloUYFYLAKSnZM="}},"6kUviQmX62TKhPOhADst3s9ysPoX+sYVI2uVxT1Woic=":{"valueMac":{"type":"Buffer","data":"JAAPN2mYOfQKoHnazw+1QStX1FBY2y63ns3iSEO4oWY="}},"qnb6nMEQs+cfWPE7vl76FUBE8AcYDZUVI+vanaF8PJ4=":{"valueMac":{"type":"Buffer","data":"r023dBni9/nKxt1j0Oh/lTU/lUX0E1fkIw+TwGAICDI="}},"Czwb8pxEa1cVBUjHOUmSa8j1Tj/l0IfhplsMUxqz7lE=":{"valueMac":{"type":"Buffer","data":"njCuHoKnkyBgfKXhjDju42kEG44RYOO1HIkEPi9vcXk="}},"xP9UGOXw7jPCyOEV/oLGw+VfW4w9kEsiYXzbB2XfEB4=":{"valueMac":{"type":"Buffer","data":"wU8UK6gScf1+XiZWU3ZIRCpqA97Byoof/PtBRWqenmI="}},"5oo4SncdGUA93tH6Hr8A62nVNQOH2r9m0jTIIrxZ2gE=":{"valueMac":{"type":"Buffer","data":"Gds3yd+uI/mB9EyDup9fZyF1gaupWazOVI76639RMb4="}},"zT4moW2hLt82O9cSh8WiejnBwAACwehcUyGefSXycFk=":{"valueMac":{"type":"Buffer","data":"8+oEIjT5qWb0wq9T62dr6j8ll3MCZCAeR5PJVDyyxqI="}},"gEKzzT/kUOlyLXDCt93HLeUhYbqsxOcTS6V7zodIRFo=":{"valueMac":{"type":"Buffer","data":"Nu/5htu/p3toK/5AdItDiQxuNnEKnBYw3g8pQDHIxyc="}},"9lOC1higdRah9QUowiAB3X+l3DuNzPTHNsKyP+770+U=":{"valueMac":{"type":"Buffer","data":"zr8mB7e9RwsOSmKhry08Lno2fdKo57mY9x96t9728Bs="}},"juACq8Yhs2bMRib0MTQanv5TE92++DYNN94x0AP6tSo=":{"valueMac":{"type":"Buffer","data":"to1fex1sVJwHfvgCMEwpun68UDFz4p8S+NolfyPwGgY="}},"8sq+RpWVvEptmJw5WogkEeEG3bw8EtDteskPrgwNZO0=":{"valueMac":{"type":"Buffer","data":"uCcu+24hE6xEGnuNzlP3Tmhdyj9cZEHq28QVdA1V+Vk="}},"Ouztv5L7S69YdH9TJosG4C40WHcvAvXFzxkrI3rHGlk=":{"valueMac":{"type":"Buffer","data":"iGHhnUkiuEm3TOhxpmDOEoJpp0qREe3gN1Ay5y8HR/w="}},"Y99glkzq/6Lt2xaW6IXvWM5ObITjOuAt2dPOYFUTgkQ=":{"valueMac":{"type":"Buffer","data":"qyyE7meoIeVxjzXVNuUJNLpPOEY/RbEZsldwfuTPWEI="}},"RBEsfWi7+k+c/i6QLUFNA/JK6Gb7wBqTcYEmYypAq5s=":{"valueMac":{"type":"Buffer","data":"p2CJFMxDMDmKUNG9gF9ri7xr6+848oUdlgUo3Avukgg="}},"5pk5C3/Yphn9GKMsRA39JzPOODbhDo6ivXXdQNCLA/g=":{"valueMac":{"type":"Buffer","data":"X1/Qm8abSiOGw5A1hhNgMSxxiNAfTGO+3qFWBcD4V8c="}},"ZPtPOAXxMg8b1nmfGe4BGQc2E4wv7dHLJlP2NgAfjMw=":{"valueMac":{"type":"Buffer","data":"z9zH7vyW9pUxq7qrlTV5JKxMn9HQyPASCb0JCOsEdyI="}},"HL3QDRjRTBwkr3XZ1CxzSelbZwkriVqBvnMmetNEZ/Y=":{"valueMac":{"type":"Buffer","data":"WMynB8tI7DruwM1GKtwtdGg1W9scUIVrnrfsz6eustA="}},"2ouxF71xENJJ+6bMDhb5pWmSdhjTD8WDTX+9EchlXKE=":{"valueMac":{"type":"Buffer","data":"1KfcTO+mNdTas8avBkqMu5TOpD40InWdQ4f/n2FP/QM="}},"tZhYor81ZYjuvNFKJw6/UdAY8olLqAz6nbXZFgOlzTc=":{"valueMac":{"type":"Buffer","data":"Ly0AgVpwm87d/gwgH85XBu1RG/U0wZf9pElWDey3jCE="}},"sjVEHoOksJsU94qbKeq6r5mkw/D17D9L5R8sHnac5mc=":{"valueMac":{"type":"Buffer","data":"mN4mJRcfo7Nvb+jjEfLXy3/cnQr44VnR7YeBxLVFd4A="}},"G1P0uhhOnvMsuGt4BOtNOK4tuTQaHi6hnwZBFitTrb0=":{"valueMac":{"type":"Buffer","data":"JPjqHHKt/FhAk4aLjMGtQlM1eQw+7W8DVDgUD7Q9x4U="}},"6FyVg1X77Cz7teG2oaJhJatTm2Y0+sfLRckqqD63cVw=":{"valueMac":{"type":"Buffer","data":"l0L38gWFOLAYjQFHy+GYSHkgB2FiMZBLFVLxd3VwoFE="}},"Rhx5TbQDnKhFtWpVdQkdd54YFzvgVQOrp5wVUhWa9xk=":{"valueMac":{"type":"Buffer","data":"4dPyFpkCILHV22d+lwxA/KYt4hx/SK6MVLufURHJy2c="}},"m/PlW+t9XrKWUhaE6UU+K9uTskemRfiW8hR+wM3b/R8=":{"valueMac":{"type":"Buffer","data":"L5hWnRn4DjfalXtcxArfo+XH0Pv09S8ORlDeVZM4iks="}},"GbVN91qjn9q5YRHNr80XsNFYyJ0kVaTpBGYgAF1mvhk=":{"valueMac":{"type":"Buffer","data":"AMH53VtfZ8oM1fs+vPYf7S3QsTe3KAgVeN9AVuAYUJQ="}},"QMGoNnRnT5GnctSVROsPUuOByvgMJwzO3gEj81BTCTI=":{"valueMac":{"type":"Buffer","data":"JjdsfV91FulrskYeGuynZBL9yttttjWvkzpej5J2qys="}},"2hqlHAXYLohX5nJW0pTP3wdui1lylHAsmkIT147vRJI=":{"valueMac":{"type":"Buffer","data":"+WxJCyBr+ZH6rl+k7siJZ6jb0BOZSlitxkr9Na7PDig="}},"FYm+o8YuT/P/NL1zxljZ8VwRG0NLMNcHyf1TL6SJIqY=":{"valueMac":{"type":"Buffer","data":"aWIDPi3LILAvCgDQJUHILaWUYooBmw3gSusN0FM3L4U="}},"ILrg0eFojvt+8QEgqEmILYbqZNLUVy4vsCvWyHZI8fk=":{"valueMac":{"type":"Buffer","data":"xLKHXwqmEcey8/hH7W1hHDTti3BZp5TRwjbCfndIOjk="}},"8kB1FKvHblLK4qJhklOQncEEtHkoeBgma1mpxFmDsE8=":{"valueMac":{"type":"Buffer","data":"BWDxebjE5ZJrHgIk6FCGs/B1B0AkwQFm3VB/ZxXw3vc="}},"ZgN2t7ykd1wjjY6UHeBBb5MUa6gyXh60VxyHFC5cTBc=":{"valueMac":{"type":"Buffer","data":"47G9QJiZ4/6+C/o8TMqwaQVhepfeoOrsZSD11O02cD8="}},"5pszF6z5+Pvqmgxx6skQ9R/uAuRJWt+OIlK14GsuNnk=":{"valueMac":{"type":"Buffer","data":"lwzkH9XmmHb83L9uBd0k4w3c0kK80LmD9RIfhGauV7k="}},"ST87WX/112h1TkDM5REu8C+udg751v4qgYtNraHA79o=":{"valueMac":{"type":"Buffer","data":"dkiPfnyjzVXscTg31YFhe32UcUUFdwKkptmOrR6G17o="}},"Lnk1Xir8mnot7efio6pigux/bKPZDP0fUuYPBvvzs1c=":{"valueMac":{"type":"Buffer","data":"xLYWwh1yaujhOU/WPlBeXDdAtmxvmzf9T/PIo1Lg4Xc="}},"cslbyflcnh5Ofa2PD/q9Qn8zPdlcfD9d6XHE4m7Ud9s=":{"valueMac":{"type":"Buffer","data":"mCrBV40Qqg5wGfAHsQxDX95ZdmarMdj1zdE+NxJAiWA="}},"xp5V+dgspeF6lVECVfnUkdMc3J4cYEtkMxNcXANW7dY=":{"valueMac":{"type":"Buffer","data":"lYEGBpqc9xWwqoKbr/Bn5rOhloAnQkPRz4f/Gdq6VBg="}},"Lddv/xWYvYD96IA9CySp5SQdpXxmJv5vElo0B3uVu5w=":{"valueMac":{"type":"Buffer","data":"1YyfNUX05ymWuH9RidKlhC8GSkq5bOubkBoR5hzm1xA="}},"cd99wLw5U2ZGIOPYtw+ZzouGIND/xiz+fBfmyNyp73w=":{"valueMac":{"type":"Buffer","data":"tClygatMLBgIEXfpaur69j7zhixir2rzhY88fzqq5eA="}},"Hy8AwGdv/XIFePEfo1Q3wM4RQjOBFIYHuFrr1DjAqmQ=":{"valueMac":{"type":"Buffer","data":"+4pZlPb6pikhpdgbLlkwc4BYnSmJyCPhzJ9oGHIm0yA="}},"WOSLD+4SYfPZEMR5JuT1Xj84MOX3+POFlBHNSdfBvRY=":{"valueMac":{"type":"Buffer","data":"6xrIDeyc5POqcH9Ce83MzyRNgzUtM55p3rG373bsHOU="}},"9/8jq9808gzQZrJy2A7nbfm31H/I6dpMyBfb7lQqa7M=":{"valueMac":{"type":"Buffer","data":"DSTVyU45Er3A/+IAgSPoAekvn+3jrr9TDATl8mLi9Gs="}},"gjjalIgnhusX7jy9iXKKCzL5bTbG54YBG3/2GNeEJzc=":{"valueMac":{"type":"Buffer","data":"8tRazWAQTv+4Sj/6pSbQ4ldb3jnxxxmwHUDJp/kQYb8="}},"drB+Lg1Enumpf0+mC1MxO3eVkd4xaWL6gJpUBRW3q+Q=":{"valueMac":{"type":"Buffer","data":"b/7EWT4TIVFDbJEt08HIqM1UeH03LY1wuRSMMnJp7U8="}},"nRI0SjIK7/YDIMgXJMR/j0vQS7FevxJSlcoiFeBOHVE=":{"valueMac":{"type":"Buffer","data":"TXWgElG5bSG+Of7gvXDIKYeZtGkPBio992J8gsYL1jg="}},"wIvLN88Wht+EQxOyKIXaJL5Y0qPVp8eufN+85wW/of0=":{"valueMac":{"type":"Buffer","data":"RnwGKrspLhFuloYoIELagTkqtjqWZxwAXVP/hBDc/C8="}},"xJWTTuyMqyFUk0EUWFXTnIyZS+ldKA5MEqqSYzjlP8w=":{"valueMac":{"type":"Buffer","data":"Vb4aA/dbJG7YhBIQamDZpcVNb++cS34F5eOFnrdpxqA="}},"C6uLVyHXeTdDgq3/ewm0lmHIuf/G9VcVLLqPJiJIli4=":{"valueMac":{"type":"Buffer","data":"dpH29WddUhTJ68ZLlDxnoR5a8d8ITZ+ZyNEP/lerYRo="}},"QWhUlfDzoIGgwHclUn8lmyu53XNGmGDdfsu+74wRE24=":{"valueMac":{"type":"Buffer","data":"5/mL1r/aDXmNXoprIpwMktcZC2HihY7e+W92gvXJA4U="}},"p4Fsv0Qqvz6uuZpOkOATMD7uvCN4irxyM1zZxIwMgo4=":{"valueMac":{"type":"Buffer","data":"PulnD8aXV7YkzBGOh7CV+J0MRYJaPcAlGDVtYBK1sos="}},"V7HdCcG0YhIxvJLn3a1iiPFl54D6frzKn21KZLK8GzM=":{"valueMac":{"type":"Buffer","data":"o0EN3YBHeDjWnMJGRxB+6HKp6AroQ7kNsctRn8cIVDI="}},"mKjP9kAXpyDiq6XRGvQQfWf5qhJ35qY+FM37u6E5ibg=":{"valueMac":{"type":"Buffer","data":"/4TgQMF8HMOHNeP3TDs/DjvrIM2V6kIUt4oPqkXO1Qk="}},"OtAtpJ5ncAEDA+FsH5hCRQVQ5MG3rR5mv0TRLjyEqDE=":{"valueMac":{"type":"Buffer","data":"10oNWF1SUkj+y7IP/BS083hSFu9z/pDLHl07cnL5rIQ="}},"CJQ/nZBpoQXGyDcltibkP+bCdUFJtNkh/SaEmm1yZnc=":{"valueMac":{"type":"Buffer","data":"L+sATKKttxpH1KEF72xBEDtUbOtMy9xVtuba2TJJO3o="}},"xhSZsmZfW3HG75XL0fmvGjyEW8yWfOuNWgxjgEVH/b0=":{"valueMac":{"type":"Buffer","data":"nxnNKBI9fwS4rrqXakvqf8MPD1TawriZdrKjwHPlJwA="}},"HOJ3Hs33hZzb4i27bDHH5HOlZFfT60Sa3+y8ktld3DM=":{"valueMac":{"type":"Buffer","data":"g/CKWaN8AnDVRzKJ80YlBrwWemAFVWEJwYu5BVcUdIg="}},"E8Jz8r20mFLNXv95PGZ9AOk8O8qsdcFKAw+jJQKsXF0=":{"valueMac":{"type":"Buffer","data":"VHjjptd/ZiM3huzQuAbWtlkTTGaEMgzvBtKv9NRZ3P0="}},"Q0jmxIsGWGYDDDu67WdzAsw0G6REYzjYpMGQEog3APk=":{"valueMac":{"type":"Buffer","data":"zv6Kkxv0tFrUm7/CML2GR+EPkqtueooAzCYVx+jrbyU="}},"iDW0T54QixFoglU4rmG2p/GZIRC3JhxCiw3dzLpzjqA=":{"valueMac":{"type":"Buffer","data":"UBmwZjmZh+QfD61h0v0HpsukuCSSx+fy4W6MvsQgJDM="}},"WDCI+m203kPAhMCbJLSkwb2udR9U//e0EsNbPRQhL4I=":{"valueMac":{"type":"Buffer","data":"rnN7zj/2Bf6onRLXY4TqyL1e5PZFyxh2hEZP8WW6xlI="}},"zzVq7FPQUk3mAeuxuqy5US1oJt3Yqq0WZyTJ7VSMSDg=":{"valueMac":{"type":"Buffer","data":"A3lb2wj8G4/gYgH/HglJdkEkNlIgarI89UrG/Oi4T1c="}},"obwcLR1efO8zBksSDKzNrycNJ+xgXnccYHXU9+wGris=":{"valueMac":{"type":"Buffer","data":"AKBTTnXRHkmtukoJOv2WA8Q7kCt+n9f2rbsBPX0pV9Y="}},"OkNcUOrDCDW3PmuIjovxqpH7TVe+pr1mdy7mgmMLhJw=":{"valueMac":{"type":"Buffer","data":"pHVrvRcbZC06Us+qZyuAl1O9FDG6iYw4M7ZMasBKaqI="}},"FC0vCuyGHp+0Y+LUl1iyYBP3LgORT5shlsfL6rX5cks=":{"valueMac":{"type":"Buffer","data":"UIVEZLi2VllgDXuNpUdv6SIhqoSPosi/THT1nWWiAzI="}},"wftf8iQXewfc9cblVdT6YefMA0RKFebDGCJ51K5yg9I=":{"valueMac":{"type":"Buffer","data":"udZgfFkwR+2xq+Lo0IsG1Cp+5blxlAOiNDXCJxpumz8="}},"zPCQsjLWF7CN+5aH7P0pBYxm3ol53I3UdRE1lUfLKfE=":{"valueMac":{"type":"Buffer","data":"VAoSu3SHStrXrnjCICAqjbcWRyKHV6LL/P32gJFFL6M="}},"VXkHfa5P15GN/ZQNjkL9d1cUiGk4EakqzvWIsFTLyh4=":{"valueMac":{"type":"Buffer","data":"2l0RIDh5R5JFRSANhksrsWm7SpKv/zw3uuirIS3iNj8="}},"dmVjv4dBbCHeBhRd2wdfpfNmL6MlrSUEZuzbNgxIO2I=":{"valueMac":{"type":"Buffer","data":"PnSSo+OkDLb3RIpaomLjPc5xBb/WNgPW+21NgNlVvtc="}},"hErtAXi4yXhpWlNhmT7/Dm07hSuZaKhJ0A6BL/+P0cI=":{"valueMac":{"type":"Buffer","data":"ALCYPVig2k6ZUTwfsmVhSw5aUV7B7boeUMnSZIhjE38="}},"mhpU0lXN0aCpHXD2e27i0jwUwAYIF4VGKRJQqPQI8nk=":{"valueMac":{"type":"Buffer","data":"75F9qVYwLirFu9TRIziUJtnExeAC3RXi5iGgkMcHrFw="}},"A2KDSnt/oi+xBtUliihUjtBrq5T/K3qIqElHo1rDJvQ=":{"valueMac":{"type":"Buffer","data":"YvogBFoDbwQAc7kWFju8+yaz04XvW50XLPbWCAYfVRg="}},"LvBRGSB7JHFfJEPicLcPQyru3eFWLtQtAJ8wrpMTDcA=":{"valueMac":{"type":"Buffer","data":"w6IGzJHfyhPDlj3GaKhH4GJbSjeUuFxXizDiu9B9BIU="}},"MMJ2J6w3SS2thCDii+AurW5GTk1ysz7LOE75FaCeFM4=":{"valueMac":{"type":"Buffer","data":"mU0oJcTfSfrm5XVURAiGWodPDj8cY4YrK5HpYzz1gi8="}},"KIh6RxFi80tK0S3sABzvUDjgfxbV28+BJZNSGONArDs=":{"valueMac":{"type":"Buffer","data":"AL64CVhk0SCcCrwLTVoq1tDicu3LbBAmcRiu0gZS4pY="}},"V3e8Q4wSZ2pxmUB3DIYHtYxBqkRJ92bvpkiATJYIUmk=":{"valueMac":{"type":"Buffer","data":"H8XehEGRRdX2uQZJGVdSIT+AHxua0gO1pkU88W1iLl0="}},"d/pvbCypwsVO2NoYd5HafmClYeord9CvTOeXWamxpgM=":{"valueMac":{"type":"Buffer","data":"YJSb95aJeK1D4FiN6nkUdZkgOSbWNuQs4hlyE8rj2Y8="}},"RqjQeOCDdK1cw4Juv5sXosW6LlWr0Dkhn2csicGWJQE=":{"valueMac":{"type":"Buffer","data":"d6XLyXc2FdX89MH4hG1crrNr+Z20z5LK55Adj4SX5d0="}},"dV78O+IlneCGJpfg8v8TAsyrfC8ePgxK2EaEBUauMKc=":{"valueMac":{"type":"Buffer","data":"aSzhgGDdePClHB8ABMNxgfiNfQMxKcFOFIui9qpvXhM="}},"ElRDgqW3f4iiSL8qpIi4Pobz74GOrZEVXnm5DPEthT0=":{"valueMac":{"type":"Buffer","data":"j8MsRHOvwsA4xLHrMbgyOl6Hh74UShON6EK0B04Nc5k="}},"pH+ZyQ8rYrbnSa0bzLDNCW0gvDNQLz24K1i0f0gR4yo=":{"valueMac":{"type":"Buffer","data":"RtxOxa7am++FaUyKc5qxmOLamMIDPzYfC/OVtgXYHPs="}},"rvAD8PpZGR2cCzzoyzbVQ7ihFYAYPF3DuX3Aj8HIUVw=":{"valueMac":{"type":"Buffer","data":"dPnwmmYEPuHeqgpEgKiIFk/SPZbzoqARE0c6DiHOkQQ="}},"owc4+GNiijFUGGU1xVkWPLpvERIm+wq6sQcpBnyX9HU=":{"valueMac":{"type":"Buffer","data":"A67OOitVyFdY5I25YlbQv9sf8BZO0hsVGjoOFsWMemE="}},"uuz8CGDXHoQEN9MpGrawfv3SI8L1rG41gf2rGaHdSAc=":{"valueMac":{"type":"Buffer","data":"rAUHW1ENeO2KAchkU9JdixNsHVteLBjQ8sChPSFw6eA="}},"XPMABkctZ97PUgmTImvDNPBavLWWi+asG3352Cf+8X0=":{"valueMac":{"type":"Buffer","data":"A5qmovgJ7WROvSdsotocSUU+RPlVQ11kYwOrAIETylA="}},"WpqyEOP+ZWJGoa+3fD2rWWSVNqnmoUu7MFAOlRBjM7M=":{"valueMac":{"type":"Buffer","data":"j9lMwRZtbyDheQh4H4eEUxETyHfWvT8AuS2eYYBUEHE="}},"hPnfR1vGBYCA1D0u+af1CAb/hLAwh5DOc5tU0GxvRDM=":{"valueMac":{"type":"Buffer","data":"vtw5WsODuFTxkhxPMp9jnvAfZb4zu1QgJFAWbUFWicU="}},"ARn0ShwburROgzfXNthAA2+yZYCt8lzE8qUgXwhWW5c=":{"valueMac":{"type":"Buffer","data":"eTcB9BTlhOAtLMcOybL1cjU8kyEpKAYQ/7kJU7lC49s="}},"TYKh9FV7RCddVI27agPTbhSzjlh3sCbner1PtOA8BvU=":{"valueMac":{"type":"Buffer","data":"l4bqdvqWfuXOxHomEAO6r8QzkyGS9QYiEnmW6dV+Pf4="}},"G3MLYkOeCAj4le4+Tmm30bDkD9CsVh5PL4Bf731D8oA=":{"valueMac":{"type":"Buffer","data":"T7Yy/upe8XZLEmRnhdcL7Tan1bEVWuChPb5CZaW3+dY="}},"uT8Kc1R9jTM6hnZS2zPbxMUdktNqpMgqL3T0QeHN6/0=":{"valueMac":{"type":"Buffer","data":"cm4ujGt0W8X3XDw2YF0TAVpl3OJN3KA9ONO820dxotE="}},"9IthEqBw8KDD5nGoNr8RLED7NYqJpyJMFi9RPpqEleQ=":{"valueMac":{"type":"Buffer","data":"McGZ2eS5AojPjXvi0d0GnCVG7dgwE9ZyHAy6ggLdAMw="}},"cCNi4CyKH6uV0TD3Tynl4LnZqSR3THXriIB1NFvxcJo=":{"valueMac":{"type":"Buffer","data":"/C7tOmwjOk8b32vSomf6DmXnRorlO5PmRcZwdJVq3F4="}},"ecG696zGUGqGz5L9WHku5u6nn89tCWOoRGzpn0vkug4=":{"valueMac":{"type":"Buffer","data":"6mD1+GoQ8K85QFab/WoVU4iOHbglUGQ9o1iY0dU1fgg="}},"SL84MRi2+RbEm4kJhVhVU6A3F6GA5wh0KrZZJwyJY3c=":{"valueMac":{"type":"Buffer","data":"aSFWDFq8wZBeADl6T2KpQxPfqPaxMYYkaknjKkIvtkY="}},"rQtBd0+cKPHbmCPFHDH7S+W5R2RCWrQ1JlbArSWeMjs=":{"valueMac":{"type":"Buffer","data":"PjXBjWYD7eIhCVUlVH/oXQq6Ro/Lg02Jr7Ko5AfKJKM="}},"9Y7GF6AI0kj4qUXmcfKJq6MGcyBTHkdWg1MCmVon7qY=":{"valueMac":{"type":"Buffer","data":"9YFCxthaFyMZa9EDnyoOq0wt6zGpvUGkbUMweWp2ihY="}},"cvXPliu5I8WvKYDUK+d4vrmojDetZOijnE+RJELmNcE=":{"valueMac":{"type":"Buffer","data":"yXW2MLZKftH3oBQe++2ukNVH9DQK2p5BicYb6cdzb1s="}},"jKSdssa8ulG09CtSc6/7/z5DeLz9hZBfvyeyYzsOGRQ=":{"valueMac":{"type":"Buffer","data":"0Dt8s+3fcoYtVGzse6KzYN9OWnxog/ZRc8xmV2H3g/Q="}},"vzq0ns0EDAFxF8tqL6R8BA/HxP2X/o4lfIiSVgHV2iw=":{"valueMac":{"type":"Buffer","data":"VuBtW1FS08zUY15LA35Su9WhaK0xX1q9O5zOcDfnfR8="}},"hinVICCbKLlYSGGj+FMkeQAwjvVvqTyFF8ja6cOwE4U=":{"valueMac":{"type":"Buffer","data":"dAs/rJnhWeRxa3Hr8CgAFOL1g4GZSmIWY2YEiz6bHTk="}},"pS+n8NG8Wvo06bId8lLzMEhFrI/NN4UdronMEIk0VRc=":{"valueMac":{"type":"Buffer","data":"nOiyHu2d9ksE3W5mcaNJ9o4FW3PLlH8dbsC8eKHfdi8="}},"yzeW6TGwmggmrDHcK8vrkbAZidehT9Ht2X1D2Fc7Qoc=":{"valueMac":{"type":"Buffer","data":"Hm+zyQFptN2uhq6ANlTfCDrrHhOwsht6npN1qgyB3uA="}},"XlHRyjvcWL+O6sPiIOejy5hfZKX0/cgjbD/kuJ6eTLw=":{"valueMac":{"type":"Buffer","data":"zrcCrhcupNpaKTD1x4UduTJ3szPoZTA9YDnT1Di9WOE="}},"noIV7JfYg9hUusE5X0sOqXQlMMKrrY+5gFiXtn8JCgM=":{"valueMac":{"type":"Buffer","data":"yQfDagn07YS1EIKFn0zMcWV808fZypzvhxa7pJbk3Tk="}},"I7QPVPNK+aSgE5sEPpBh/7DHswFTUIIyZSpRpHdk6gw=":{"valueMac":{"type":"Buffer","data":"05xbyirq+tVH8xBZS3Kw0EXaoVVnkYSjhqwe/ii03WU="}},"ZcOur/FmYnumc6VWW2cQ7upMmBwWhhfsjfsvA1NWiBY=":{"valueMac":{"type":"Buffer","data":"iuuThqx9LncEcYaF2KbiOxp3f1/HzHVINAYVmLwsXsU="}},"Z2Er/JrvUdsH1wHHVGR+vy0zqJYpU3sUNnhFyYB56UM=":{"valueMac":{"type":"Buffer","data":"708EKRWst3h5Zkx/SVUBUBTwbcX0C4UyGfbezueOqLU="}},"vM6F0g+J5Ft7cCbOxynKEbwO7vrBcFh6ftgolG2U9O4=":{"valueMac":{"type":"Buffer","data":"bSXpOe2ELGs1+xNSF0xfVPK5eaiQTQ+utBvvpFYfKWg="}},"E2A4LaG2q2qrc8nY6tiUvwLd2xNNpz9iN+BcZsaTSIw=":{"valueMac":{"type":"Buffer","data":"j60p/f3biLHLMMvsOInLZFSorGbzkLvPvnqmFT1w5ys="}},"DAabDnuGXgl/+8kXomaoEewDmNtqsphbH8kjwU3b0UM=":{"valueMac":{"type":"Buffer","data":"VILyQ/9i/ntu49ht8YVFxBcoGpynKPAyOw5XMIDpjHw="}},"F+fOnx0wjgYrJ3SpUqQyT2Rg6AeffXH0l+Z3fxp1c9k=":{"valueMac":{"type":"Buffer","data":"CNDmphYZLb7a2MItKiVDNkKaj1t4Yea+ZRSFZE8pwIs="}},"72jpVebQ9+YAGpUH2v7vCjTehu7Wnm13vhyhwiBjht4=":{"valueMac":{"type":"Buffer","data":"KuEK0yYm2vv2oLaLh1mP8hOp9jn83pE8sdWEbYEI8YU="}},"fvzapHBSjAWY/iGWawuGgtqNK1rgXCQTu91df8Mq1yA=":{"valueMac":{"type":"Buffer","data":"Ul8aUmv2KdHd9A1lFrPO5Y+EryY854y7x/9onmcgJzU="}},"Ku/eXte0YqlxhlNg/tClwevlW5hauItVOkCXBS2ep9U=":{"valueMac":{"type":"Buffer","data":"6JGbBMw5GSrUs6SWN6/c4zrufySF0VoV/UA8KymZAQY="}},"yuazYpa28A5meDQcUqUW4gksAa+DHmtKlfKMW15o92g=":{"valueMac":{"type":"Buffer","data":"eOwdgFfl5+3VUxAlidlus9zxxkhpWOAUWgemIXOr4Gg="}},"FxXQid3Fc7RYloU/z3QM9gu8ks908w59hc8LqL+/INo=":{"valueMac":{"type":"Buffer","data":"VBmx1/jXzJpPUNPIU4DBOgm/V6q5b2Un/s7of3wy2p0="}},"Q8bim39jVcLSOPZmKNT+itxUPuO3wv92IYfSYBgkh60=":{"valueMac":{"type":"Buffer","data":"JLVXe1zYKEpmXwiLxQROvu97H9I7GxGHUX/4q6Zh28g="}},"hQAb7U1kPKN/GPMGJCUO5nF09UqtbDlXka/ZHNmBxdE=":{"valueMac":{"type":"Buffer","data":"M63N7X1lp/fXxT8Hh7j8dowbq4SEqTezHARVgmSUaCk="}},"Lp+SQ4e35g0R0UTxfoqjZEx8xAeFS0aB2PsKoNcNUSE=":{"valueMac":{"type":"Buffer","data":"duYBUdO+0H4HaRAKdHl07eih5AHpEIezToQejTVxqJQ="}},"Z5F8w7bHgeI2a0fbxVbuGKaVS0fbp+FCuk3cXMPLZI4=":{"valueMac":{"type":"Buffer","data":"NVWrwVr1ccD9OP06dI0e8VpqmtbPF03Vf53qdQHWlpM="}},"BYsaVORd+iWyxXn9yMibJ2kOOAktaUYA780pUwqhYy4=":{"valueMac":{"type":"Buffer","data":"SsSf9fVbvylZeJqLhyaZb2ObqVKoVq0hd0Eqm3reLZI="}},"/x58MBe0FM3TvEKkS6htaYT5j5/t4kYJ+O3InP+hHqA=":{"valueMac":{"type":"Buffer","data":"igVB/BHscdhP39fdkifiY+tvPLBkx02/aHidudZIZKo="}},"rhcseW/Y7OqwNRu7Ou09IK5Y0BaAMGXojpCC2GltO5I=":{"valueMac":{"type":"Buffer","data":"R/6bE/DiusIZYcBuWyjYZNbDpAX3qk7jVoyZc/mGh1w="}},"h9e/VJpyiWE4efKdina5Nv7EUzV/LjMhE3vIS2ESi7w=":{"valueMac":{"type":"Buffer","data":"lxh97LMdWSI60wPyrcBgUVDWLymftjlrQrvTH+hDIIA="}},"ikMcsz65kG9Qud3jzx2YGTWm09UG4RWr3nAAD2l33Eo=":{"valueMac":{"type":"Buffer","data":"Dq50fA5b6c21B7h92bOrc4sxnUB6qZBNNDm0ltWAyJo="}},"XBPIs/mPUdSVGEAWdd3oSS7sm75o4f4at6IS+HzBaz8=":{"valueMac":{"type":"Buffer","data":"EUvMXUBbF1iv4jwI+Sat826vrjvitdMpTUCD/NP7nfU="}},"ZK5iK9RDiFnQ24dDQ6H9lM3T8laUsf1Zb3As69wC/hw=":{"valueMac":{"type":"Buffer","data":"BeoFCOAL1+PRh6WEiHDNm6MFEqWHAf8YR3dwIVsLZSI="}},"iqByurIBsI9HWdqCWix07sAW5hr3qJmdUeAkhPXcdsA=":{"valueMac":{"type":"Buffer","data":"aGmVtLOVCSRKAaHLkE4dOHlXR2abCzkF5u2S+6JB9S8="}},"tGKdkc6GsNEQjCuVuPSg0yvSkuAwQ87gaAAfWV7WrgY=":{"valueMac":{"type":"Buffer","data":"NpDllTcXr2obh+inRAdJv5hEE/nDU7Y4EO41G1WiZ94="}},"ivuiLcUkfYOKZsELXO+JdQgskWRzjk/kmET5OHiQinM=":{"valueMac":{"type":"Buffer","data":"mSFcSoOsCR8sb83HJgM4wJow6vG6qHiZ0HSAec54Z4k="}},"yLils6MU/FLa36mEM69MOg501nelW4jgAzVP/49adLU=":{"valueMac":{"type":"Buffer","data":"RJesM0cJHInVTo2RON2QFB1ulrOkR0GvFOlPMQPQNkg="}},"oU8Y3N/LCYkC1c+Utomk1eTV0X1Ax8DINS2affdjuv0=":{"valueMac":{"type":"Buffer","data":"aAW020qTQbSIr41yXhGqxo7r+owutfmGOAfeI7PyJ7I="}},"5LRnYZEDASK4P8knLxxjd6ZYAM0MgGp1TtCeS0tnvKg=":{"valueMac":{"type":"Buffer","data":"+cY2CxVfek2ny8EkXfDhtzQfv99PtFcCVvu56H2tPeI="}},"pyIt3bQafoms+XR8n4HuJM53csUZ0ZeEW9f4OEm1I7o=":{"valueMac":{"type":"Buffer","data":"3yqZ66OIYPU0yRFUBgij4feaMnyYVMXlODqBtDTWaqI="}},"nswvNbwwj3BKBcouOQwAYkHKPg1zvNDtxEnMZGPYfjc=":{"valueMac":{"type":"Buffer","data":"osCCqDbHJq5OnLZxSfU2BgjBYYRBQginKJY7Ky7H1L4="}},"IsvypHsq+HbcSrXERynv4IU5sfcvtq0yNaaFHe9uaqw=":{"valueMac":{"type":"Buffer","data":"74IbRLf5DPoI5xhNs2MddJZSwZwAe3DxCYWgDF+01pE="}},"49j7+l106e73xs8+kLvCv5hkiob3UShwdgb+5+zmF8M=":{"valueMac":{"type":"Buffer","data":"6FQcpMN4gv85I1XMtLV3xgOrHLUqNurHsdWlYvUtjMo="}},"fb9vQ41Q++BvVAKSZ6JOLSRUiHLqOvHkqbjOErbbfwA=":{"valueMac":{"type":"Buffer","data":"LnRHW9oS9ANmvYtmqTXpyUnIfRUXA/29eTp9SB47jvw="}},"/LlJouvfkLmmosGjrUTaAvCx52GzYKBr8c37eojUKs8=":{"valueMac":{"type":"Buffer","data":"TJLU7DHW0mXVerLCC2RVzeWQzlOY/GsLhopWTZfVHoI="}},"QDCmmh6vZBeaX8je7d1nYDklKtveBRqwfFPzjG8d4Gk=":{"valueMac":{"type":"Buffer","data":"xJN8oDWrAI+AwLjeauHGkZ0+M0cq2EBfQCD7l1HPPBg="}},"4HbIKfy8Q/7uQeBC0KcBHvvOCPDuWrubNoxrUMe2tlI=":{"valueMac":{"type":"Buffer","data":"D7oITJoh05SOCkQvCIcdm2uSQlbcXAUsnb9r2mQ4CaM="}},"WGkVy/k41bue/BM4ODvFq/67sUuLQlOzs9/+CWXY20A=":{"valueMac":{"type":"Buffer","data":"vXQDOmkgkJYS3hVjjfH5C8wU5JNPcKCTWvggE9d1GXk="}},"hplE+gQOUSrkwuLrxkL6wfUirSvB/MUoi+vkvkWeW/Q=":{"valueMac":{"type":"Buffer","data":"KF/ImBkx+LctDnI8qN3GGNjq6MUa5JgpnNyDc6ywlhQ="}},"mLW/+hDpzyHCYpAGNHNehiKX9epUIkhIH2Rv0E8O1Cw=":{"valueMac":{"type":"Buffer","data":"B3LWTjW1ruASUHEohdBAiFwyZ2rcQLvWzA2dAk0egII="}},"WyWFdwb4bj0VTF5TdUTu5xeY55Ns2uj06VfiIZFnXAQ=":{"valueMac":{"type":"Buffer","data":"5jnoLuuZ6iWfYkUgUHPM/ImKcx09ooJbDQj4o0NUWro="}},"Bh5P9njQyeO9eWGhtg8P4IfgLYeh6OJNwlnOTymbsoo=":{"valueMac":{"type":"Buffer","data":"bX1GMQjdS+3Rxd/YDkPLy/HAW+ZOimJGpgetHBQrIO0="}},"2TNeRe/m1yZygzPj8ccczFxQ8Rs5rMSiSSGVXO/pV8k=":{"valueMac":{"type":"Buffer","data":"lv0gL0ZGJFrOUI4r2is8Egy/5jnaNgmihKXrCiRpGrU="}},"NeQQWWfPZ//orczUp6JcVioCmFq3rvGUQrPitCcjilQ=":{"valueMac":{"type":"Buffer","data":"4M6X9HHnTZRW5to4qwPun83vANVDQYAaX7q2zbvVoZ4="}},"VnxWrVQScXuBQ8/XGTGVu6/DetOLwhcl/tfo5fzVFDg=":{"valueMac":{"type":"Buffer","data":"N9+xQFcGPlmbA/F19TWmflONilwdRM9KWhBy0Cqdzm8="}},"CK7CFiRZ7Px6ibVbjtV8ly7o0a8sE1RdbZo63b2K8DI=":{"valueMac":{"type":"Buffer","data":"f3D5JZaFo4dPK1dsQbqNYSx8YRujyqYQskkz2QjYPt4="}},"1QdoMB8bOGY+BwETKKoqrwSDDzExkoWfIaVjP9Ln8zk=":{"valueMac":{"type":"Buffer","data":"xETeuhvfr30rlmxPfWtMEBJqL8bQD1kfVhg9UyUOCI0="}},"LHPmHWkrEqwRsnWo+rYxAuE+1PMFLqeD+NR7/ladUSw=":{"valueMac":{"type":"Buffer","data":"ZisXqjLbA0Q5wkMjD5BxHpW/tnk65uOkLDFAx5Vnl00="}},"kRMlgeN1hDgiB7tgH/wm6jsiQBQ7ztf3DpmQrpA3kOc=":{"valueMac":{"type":"Buffer","data":"NVkzFvtKVKLQ9qgQPqvu8DhuncfL4DxdLgsKJiA8AJE="}},"aeZVuQus9lygCfBRfSoX46qq8eJmPeNr5pKxVc3bYaE=":{"valueMac":{"type":"Buffer","data":"u9YKuy6yKvxorSKtTyzf7RpRVmJ5EMqcHvmz7liNjls="}},"m2ApoKx8Wh6X2PUPJdQzfUFKVhMy7i02BFe+1LQP+YU=":{"valueMac":{"type":"Buffer","data":"Fa2ZFKAyzUHwQyHLKO58bI2H1143DZRcZCz326M+ORQ="}},"E1SJ2VtBSzolGBplL+PZp+QpRinRdNo7UljYVPMs+NQ=":{"valueMac":{"type":"Buffer","data":"pF42tpWJ58PzptC3MmOYGpwlat0ZbUpC4P3t5dr7CVM="}},"AljbhOFwBUjpcCqMk3UW6Zsz0qdOru3DxRd7Jw/0c2s=":{"valueMac":{"type":"Buffer","data":"GvPlDTsMFrVGU/6PblA99GFOkgue7WrpP8Qk2WHsRuo="}},"6yAiy6jRVGbejRDhDAauHaUyNGpneokgxjeTV65uWgA=":{"valueMac":{"type":"Buffer","data":"G0Df1htPw5GLBypC7jDiK01BKnH7Rwt/2LUir5pXnvk="}},"rUk/oraWcmn81IBtvz46WUgtehMe8yF5w8MmZXDQxEQ=":{"valueMac":{"type":"Buffer","data":"EnTYH37XzvuvWhdYQAamDJaaLi6cogBIPNkW7ac5ibE="}},"yBQjVJ3XLkwW1iW6SnbCUxhFcotT2oj3NTxNsnVbnYk=":{"valueMac":{"type":"Buffer","data":"UjxNHv1tmfu+qThdamwdAwmK2ytolfn0aC7TJRPw6cI="}},"OJs4KHpQBkAtbP5rvStmSZCwaT/bgNRmAP8Ui+bjYHM=":{"valueMac":{"type":"Buffer","data":"hv8Vf/kDqYFXa/ObU+eP7Id+JRGO1c5yFGK9hSWBeGQ="}},"ccovsmR9Ch9wRBsmoTwQdehYCOxvNjXd9lxTajir6Ik=":{"valueMac":{"type":"Buffer","data":"tNh+/vQzFZsam4JxZUqR3HIfkhpmVDd1U8waiH817vA="}},"3eKasTQSHpiY0JcDbXWl5xQhXKo5dbD5a39o20P0JHA=":{"valueMac":{"type":"Buffer","data":"tTpsvbj5USiwr2ukTN1HgRN2LcRK0sjd3BPtIhx0jpA="}},"WIQK7gABOgS+QORE7kASb+/vYh/eGtTbmoQX1G9sfWY=":{"valueMac":{"type":"Buffer","data":"pGdR/pp8A4tXrMzNjqD9ffIoUNI29eS2nt+D7vACABs="}},"wbVFgNhFF7qBoZZTWactUXbV93wdxd/gOOZO/xj10EA=":{"valueMac":{"type":"Buffer","data":"KgsU4cOQcWPDrYuBg3JCbfsQ+QyM7igOl/KV7Fxw9gQ="}},"mPU4UYQPU9onWbuF0RIck6YAVMFUG3A+dHq0oDZTzUM=":{"valueMac":{"type":"Buffer","data":"NE2fxXK736B3/ZK+kxx8RCxib02A48aMD70M934OJ5s="}},"VNw2FN+kjt2cl1T8fnJJCS3E8uKpaXr3hEA/qMNaAzg=":{"valueMac":{"type":"Buffer","data":"8i2mmx8EPd+11+lfbTbznV4kqklo8BA6xiY3EsTwEUA="}},"9s0HUo6zo3XOVxkA7TpvzuLIEItVgnUl+38lv336+Wo=":{"valueMac":{"type":"Buffer","data":"ek9jhEgCdvioBuO3RifY/g9en81eVANINw1Y2rH3N74="}},"HSVLusepbfh6ZWHWpdPKRn8DKTRPdrwQJvV8yPzsWfo=":{"valueMac":{"type":"Buffer","data":"H95X8OZNYoj6fxGxnD4zx2Nk/GncGHuKbRGENy1rTi4="}},"QWyZlvA4IYx1+/Rl5NEGrmT4yfDaWTfsk2zBdwuZWg4=":{"valueMac":{"type":"Buffer","data":"h+dNG7QgATSVX0gsyH7llpnHbJs1eCrMTS33ynqEIB4="}},"ktLWYq0IbbnxtvWCW56KAjtgRehTVigKT1Dtm17l+FM=":{"valueMac":{"type":"Buffer","data":"bRwctZano0zoLMrPBpmcpg8haIRLKf1zrDa6+TDHQRY="}},"P2XOZ5sQ0WISZcd3X6+Njb7Bg3CKAXrKRgmUaLCAaSM=":{"valueMac":{"type":"Buffer","data":"xgGDAXvxmzrDK6MJJpY9yuHB3f7huJwn3PoQMlLkN38="}},"e5B0GzJrYU6PQjAEUvBG1069l7HIjhK+z3vxVvdKiCo=":{"valueMac":{"type":"Buffer","data":"UCCbeVIaQvRyPCBCCHPKkN2h1hrepX7JPbOoJoh+qUs="}},"PQ4m71Vhx+pcMCgzv+jk4RejPsjx5Ybs9IV8pk3B0ZQ=":{"valueMac":{"type":"Buffer","data":"W1agTEzDSDUB0IzBKdNVsjGF7JMRYzXWOjALRGB00C8="}},"ZqEKLtCZakVV2r66qIbeZmUzmebWQ8G5O3DUOxSi410=":{"valueMac":{"type":"Buffer","data":"bE2PGEgO+Bex58UPn5iW3obAwxQg0HppBNL3u2IbSZM="}},"czfi9U4aGjjqaiX+a2PgKbPqw+AIQmp2GLPxfz7AxKI=":{"valueMac":{"type":"Buffer","data":"B/Q6E1s31vXQY7Ht/QRReVpIev+2lDFk2j5IVS5/uWQ="}},"Vd1Knla8VpbixoCmt+dQwacJVUHoZFIBuNAd4ota0i8=":{"valueMac":{"type":"Buffer","data":"8lvYfDffR+Wr4v083DoRMTMkL/V51EmPRHLFUWm4Lw8="}},"T2l2yhuIhKX50dKiqN63RFXaQHaSS9XDjDXeWp1iWsA=":{"valueMac":{"type":"Buffer","data":"8o8dHYyo0IamgHwGoTRYHrpfud0ZF+wmubzpGAnGrEE="}},"TLxc/jDS9x3AZR8H7W5ZOymdSVPKv4gTAJgJNtaSll4=":{"valueMac":{"type":"Buffer","data":"X0uM2mOYqMwmZEYhDiVBV73Bmd8DaFmwJxgUTktNUcw="}},"uQvdXe6RWVBz2XBtyuhSV/uMs9vUTXmkzZo5W558Kbc=":{"valueMac":{"type":"Buffer","data":"zusYhZ9e1xgnTM8XJB1KCYz5hbBChfWtl1jRE0wAFaw="}},"GEpCT3uhCn6kl2ddrdEiMlueQKzqg0o+pXxUqUjyWA4=":{"valueMac":{"type":"Buffer","data":"08ldgq/VomyH/HANGj/ZEy4pSpayQPFHYOcrXzbbSg8="}},"NFp2f4PnAzg4+A+L47V/jvW3ns+NyoZbjRqT2i84m7Y=":{"valueMac":{"type":"Buffer","data":"TjUfbiy+mzVHrGHSCNT8kSWqg8EfqfxBMzfrRVz5Iuo="}},"Hf7uqwGZAkDrRVkMJNiH71S1lF7I65gfcQ2pWFgPoKI=":{"valueMac":{"type":"Buffer","data":"xD+eWdnzk6gIVCVqhQYdvIgLmpso2Xtp+Q+NpUVXdNc="}},"NuMN92ouuOPNeCWfew4WeSGh/sbIa2MiwoHu8kepfdQ=":{"valueMac":{"type":"Buffer","data":"uR8gENIfm8BGqwnDBVbtXAJzmATq2CQ2+cH4dwVyhvM="}},"/gWG6OTh6mNLzSjpd0yFVM8423zoGW1y+TikSde+Els=":{"valueMac":{"type":"Buffer","data":"TqaiuMsOKg24TB4n0gAeJxmOZbQquwIeg5RCHQc176o="}},"8uZ8cMBZqefmHX27uDUaeoH6/CubCDSmK4okP2jHuSU=":{"valueMac":{"type":"Buffer","data":"640H75wWQVUNWhE6LkrqXUCpJAYkImOOImtmFAIQMeA="}},"qqGU39UlndHzUqC0op2jrGZcYXD3n24hrQGSLpIj9ak=":{"valueMac":{"type":"Buffer","data":"O/esQWrCt3C6uw9EyjBfmHc1rVAID9RDLUKbCaYGnQ8="}},"OopHAiYQtusG46ieSkjfetteQkYzvsCaNr/kA7iRv3E=":{"valueMac":{"type":"Buffer","data":"6V9iaWy8a/8ZXYIYmA5qOWTnDaEwEco4e79mbfYNF1k="}},"2cEKB0S0/y6wLxvGcDlY8n1AMLp8IPCG9uPA6N1wF3A=":{"valueMac":{"type":"Buffer","data":"c7dx29wC6VNVIiUTaK4MmOYYwcG6Lga/IAHIoDzRjbA="}},"ZHidnGtLX5u8q6XMkjnZkHRiRdvnM+IBd2o20Sj/R94=":{"valueMac":{"type":"Buffer","data":"16vTWI6hKc15eROiQL+xyI+ITMitqdsbSw0oJXdKf8o="}},"QC+2XdpoEJehGYLC+rsw0c5RDJ4MQqB7lP1H2ycEVSU=":{"valueMac":{"type":"Buffer","data":"6peTFrP0pkdGwkgtmHZIvDl6hxPR7ggw+hjemrcDn7s="}},"NmY/6aP5I2X7sLDSS58YMmEUkf4RcAuAOSNBiv/tHt4=":{"valueMac":{"type":"Buffer","data":"Kobr26r7/C7jjSJ1r9YLS06vJu2nac0bzsw8OzoLU78="}}}}