{"noiseKey":{"private":{"type":"Buffer","data":"KGtuJiMnSYviOAEdx3bGvQO3OfWW7phwHkJo9shxK0A="},"public":{"type":"Buffer","data":"cactWTnbsvbPkVGAPdrEciOhRjMZj9q0sNcKLONcMhc="}},"signedIdentityKey":{"private":{"type":"Buffer","data":"yGlDE+O1om/KtGx0s0gBb4l8rjbi6izioTpRDAnzoEM="},"public":{"type":"Buffer","data":"XFmrdPe0dQ3U+98ALzeGtoX653Qq2eVCZBdZmMW1/UM="}},"signedPreKey":{"keyPair":{"private":{"type":"Buffer","data":"QA63hQiPsphjQ9+VI7s9w7EIksdE+QWnQR/AJJVaM28="},"public":{"type":"Buffer","data":"RpmBtrWK5swTTY3iH128WPh+rdDdQE3KrsiT3FAh/wo="}},"signature":{"type":"Buffer","data":"oawNpdpanv8i5sIRimLIXOoOaFel48sergTBt8FALxQjjCc2OVV08IZ2FTlMb95cVx5Qdbnu8Sozn+2EA6gkAA=="},"keyId":1},"registrationId":187,"advSecretKey":"FkwQYufS9kiRIV2Id2g8wq1zfbdxCpdvm4dOs0oVYIg=","processedHistoryMessages":[{"key":{"remoteJid":"60149431385@s.whatsapp.net","fromMe":true,"id":"B04944C11D765152E279BFE77E4853FA"},"messageTimestamp":1667138740},{"key":{"remoteJid":"60149431385@s.whatsapp.net","fromMe":true,"id":"538798EE5ABF6F795865BF39B78493BB"},"messageTimestamp":1667138742}],"nextPreKeyId":31,"firstUnuploadedPreKeyId":31,"accountSyncCounter":1,"accountSettings":{"unarchiveChats":false},"account":{"details":"CIypx8EEEKWJ+poGGAE=","accountSignatureKey":"XBmuNDbxhfStvCrlAnISVhoBsfo/SDvZkNgRW94mL1U=","accountSignature":"+5ZcsFDUhqnAg+JfPJg4B5RnbyqRvF5keQB1UExP6m1d8Ep19ofavKeBJOizIqp1eldM17r7nepdKcfEWQ5FBg==","deviceSignature":"v/FrEBOH32gXE2yMZLKPV62vQckxozdIdADb030Zg8+0+VKkCk0fMUi7OmfNg+z/Xw7aE+cSambYuJlqWWM1AA=="},"me":{"id":"60149431385:11@s.whatsapp.net","name":"LynnXzy Botz Wa🌱"},"signalIdentities":[{"identifier":{"name":"60149431385:11@s.whatsapp.net","deviceId":0},"identifierKey":{"type":"Buffer","data":"BVwZrjQ28YX0rbwq5QJyElYaAbH6P0g72ZDYEVveJi9V"}}],"platform":"android","lastAccountSyncTimestamp":1667138728,"myAppStateKeyId":"AAAAAGVM"}