{"_sessions":{"BaSz8WYjTgRj8ORm5H5t+cCrIR9IY3d57qJQRWQ0gLAZ":{"registrationId":461069138,"currentRatchet":{"ephemeralKeyPair":{"pubKey":"BRKBWcdOVYFaYI+pIVcJrPJxYaXvrSRVsMNNPzQvnbBk","privKey":"YLMwb4qM5hDg25780KrFlIUqin2AS1PEPQ6KbQPge2c="},"lastRemoteEphemeralKey":"BeHfg7a4z8FZVL8lEEcN9dC20rP8aQyOSt9NkqOWfAtm","previousCounter":0,"rootKey":"xTiNKFJeqbpimXLk95G9GBOD+OFVMX/OVrTMEF/D1HE="},"indexInfo":{"baseKey":"BaSz8WYjTgRj8ORm5H5t+cCrIR9IY3d57qJQRWQ0gLAZ","baseKeyType":2,"closed":-1,"used":1667138744057,"created":1667138744057,"remoteIdentityKey":"BSpi5k6juD9+5mKcrO8kaMNejsrBQvy7xD1d2r96JFxN"},"_chains":{"BeHfg7a4z8FZVL8lEEcN9dC20rP8aQyOSt9NkqOWfAtm":{"chainKey":{"counter":0,"key":"HKB+4EBTjA8Q0JvslPoNfM1lw2Dk1QtxIIaCSql+Ikg="},"chainType":2,"messageKeys":{}},"BRKBWcdOVYFaYI+pIVcJrPJxYaXvrSRVsMNNPzQvnbBk":{"chainKey":{"counter":-1,"key":"eYhKyHE8jzINsJ0cD8B56yqpQtl8iZpwT7GzTQ9WC2s="},"chainType":1,"messageKeys":{}}}}},"version":"v1"}