{"_sessions":{"BY/73reJqOiaHp+FupcoZhosrMYZ6c/J5T2ffnbOn5kH":{"registrationId":600946566,"currentRatchet":{"ephemeralKeyPair":{"pubKey":"BUaZ11s6gTFoKz2mhZBbK1t29hixLOSVLpNpi5D6x48D","privKey":"cGfVam30JqurQY63NVXjImhJt/LD/7OenG5lMux9kVk="},"lastRemoteEphemeralKey":"BWu3sVV4nXMdj4rKh9Ec2K6Vx5jPaxjfYISRNZjJPb4B","previousCounter":0,"rootKey":"rNAPJqGygDCZZrfAfo0IE/scgFZqhH686qJqMh6+bkE="},"indexInfo":{"baseKey":"BY/73reJqOiaHp+FupcoZhosrMYZ6c/J5T2ffnbOn5kH","baseKeyType":2,"closed":-1,"used":1667138769762,"created":1667138769762,"remoteIdentityKey":"BUnMmoh9HRwp1xHavVWWG0HDjvAateTPOXFBKZ//tZZk"},"_chains":{"BWu3sVV4nXMdj4rKh9Ec2K6Vx5jPaxjfYISRNZjJPb4B":{"chainKey":{"counter":0,"key":"cpna5mupCQyl48o17V8Hrydg4hHzyruZnWLHVQbidsU="},"chainType":2,"messageKeys":{}},"BUaZ11s6gTFoKz2mhZBbK1t29hixLOSVLpNpi5D6x48D":{"chainKey":{"counter":-1,"key":"NbeRwnfMQCNRtLtZGaaEVqYPkUOv+oL7/FknLX0CqsY="},"chainType":1,"messageKeys":{}}}}},"version":"v1"}