{"_sessions":{"BYDfiIP/j4klO5JvEnf/dCBBp8TnEifl86/jymUFVQUV":{"registrationId":134215088,"currentRatchet":{"ephemeralKeyPair":{"pubKey":"BQ5FTqDIrM9s21REnpuPIiUTh1Ye/dt/Cq72zCRp2wdW","privKey":"MKCD7WFOMaEhireG82DnLyrInIL9F4Hthwnh2+QqTUQ="},"lastRemoteEphemeralKey":"BaU9PTHly3d2EEx4P+89D3+XKd8cenkFADTxsujm45ZM","previousCounter":0,"rootKey":"g6Xp/lEvvLMkcEvj9JEGteRp0rJvLAf251ebfFyx64A="},"indexInfo":{"baseKey":"BYDfiIP/j4klO5JvEnf/dCBBp8TnEifl86/jymUFVQUV","baseKeyType":2,"closed":-1,"used":1667138730036,"created":1667138730036,"remoteIdentityKey":"BVwZrjQ28YX0rbwq5QJyElYaAbH6P0g72ZDYEVveJi9V"},"_chains":{"BaU9PTHly3d2EEx4P+89D3+XKd8cenkFADTxsujm45ZM":{"chainKey":{"counter":5,"key":"2HBwLG57DwceW6qqjL+JiJIcyUqnr6nNBpQwU2STCTQ="},"chainType":2,"messageKeys":{}},"BQ5FTqDIrM9s21REnpuPIiUTh1Ye/dt/Cq72zCRp2wdW":{"chainKey":{"counter":-1,"key":"zXWwwZF6Sqc2B/DGb1equLOJx3EZdHArzGsRfqtsD+0="},"chainType":1,"messageKeys":{}}}}},"version":"v1"}